Product_id,Book_Name,Book_Price,Book_Stock
1,The Black Maria,£52.15,In stock (19 available)
2,It's Only the Himalayas,£45.17,In stock (19 available)
3,Tipping the Velvet,£53.74,In stock (20 available)
4,"Our Band Could Be Your Life: Scenes from the American Indie Underground, 1981-1991",£57.25,In stock (19 available)
5,Libertarianism for Beginners,£51.33,In stock (19 available)
6,All products,£12.84,In stock (19 available)
7,"Starving Hearts (Triangular Trade Trilogy, #1)",£13.99,In stock (19 available)
8,Scott Pilgrim's Precious Little Life (Scott Pilgrim #1),£52.29,In stock (19 available)
9,Shakespeare's Sonnets,£20.66,In stock (19 available)
10,Rip it Up and Start Again,£35.02,In stock (19 available)
11,Set Me Free,£17.46,In stock (19 available)
12,Sharp Objects,£47.82,In stock (20 available)
13,Mesaerion: The Best Science Fiction Stories 1800-1849,£37.59,In stock (19 available)
14,The Requiem Red,£22.65,In stock (19 available)
15,Soumission,£50.10,In stock (20 available)
16,A Light in the Attic,£51.77,In stock (22 available)
17,"The Coming Woman: A Novel Based on the Life of the Infamous Feminist, Victoria Woodhull",£17.93,In stock (19 available)
18,Sapiens: A Brief History of Humankind,£54.23,In stock (20 available)
19,Olio,£23.88,In stock (19 available)
20,The Dirty Little Secrets of Getting Your Dream Job,£33.34,In stock (19 available)
21,The Boys in the Boat: Nine Americans and Their Epic Quest for Gold at the 1936 Berlin Olympics,£22.60,In stock (19 available)
22,How Music Works,£37.32,In stock (19 available)
23,The Five Love Languages: How to Express Heartfelt Commitment to Your Mate,£31.05,In stock (18 available)
24,Black Dust,£34.53,In stock (19 available)
25,Chase Me (Paris Nights #2),£25.27,In stock (19 available)
26,You can't bury them all: Poems,£33.63,In stock (17 available)
27,The Bear and the Piano,£36.89,In stock (18 available)
28,All products,£57.31,In stock (18 available)
29,"In a Dark, Dark Wood",£19.63,In stock (18 available)
30,Worlds Elsewhere: Journeys Around Shakespeare’s Globe,£40.30,In stock (18 available)
31,Penny Maybe,£33.29,In stock (18 available)
32,Maude (1883-1993):She Grew Up with the country,£18.02,In stock (18 available)
33,Sophie's World,£15.94,In stock (18 available)
34,Aladdin and His Wonderful Lamp,£53.13,In stock (19 available)
35,The Elephant Tree,£23.82,In stock (18 available)
36,America's Cradle of Quarterbacks: Western Pennsylvania's Football Factory from Johnny Unitas to Joe Montana,£22.50,In stock (19 available)
37,Behind Closed Doors,£52.22,In stock (18 available)
38,All products,£51.77,In stock (18 available)
39,Birdsong: A Story in Pictures,£54.64,In stock (19 available)
40,In Her Wake,£12.84,In stock (19 available)
41,Wall and Piece,£44.18,In stock (18 available)
42,The Four Agreements: A Practical Guide to Personal Freedom,£17.66,In stock (18 available)
43,"Foolproof Preserving: A Guide to Small Batch Jams, Jellies, Pickles, Condiments, and More: A Foolproof Guide to Making Small Batch Jams, Jellies, Pickles, Condiments, and More",£30.52,In stock (19 available)
44,"Unseen City: The Majesty of Pigeons, the Discreet Charm of Snails & Other Wonders of the Urban Wilderness",£44.18,In stock (16 available)
45,The Past Never Ends,£56.50,In stock (16 available)
46,Reasons to Stay Alive,£26.41,In stock (17 available)
47,The Natural History of Us (The Fine Art of Pretending #2),£45.22,In stock (16 available)
48,Without Borders (Wanderlove #1),£45.07,In stock (16 available)
49,All products,£12.84,In stock (16 available)
50,"Unbound: How Eight Technologies Made Us Human, Transformed Society, and Brought Our World to the Brink",£25.52,In stock (16 available)
51,When We Collided,£31.77,In stock (16 available)
52,The Secret of Dreadwillow Carse,£56.13,In stock (16 available)
53,All products,£38.16,In stock (16 available)
54,Thirst,£17.27,In stock (16 available)
55,Throwing Rocks at the Google Bus: How Growth Became the Enemy of Prosperity,£31.12,In stock (16 available)
56,Private Paris (Private #10),£47.61,In stock (17 available)
57,The Torch Is Passed: A Harding Family Story,£19.09,In stock (16 available)
58,#HigherSelfie: Wake Up Your Life. Free Your Soul. Find Your Tribe.,£23.11,In stock (17 available)
59,Unicorn Tracks,£18.78,In stock (16 available)
60,This One Summer,£19.49,In stock (16 available)
61,"The Pioneer Woman Cooks: Dinnertime: Comfort Classics, Freezer Food, 16-Minute Meals, and Other Delicious Ways to Solve Supper!",£56.41,In stock (16 available)
62,Tsubasa: WoRLD CHRoNiCLE 2 (Tsubasa WoRLD CHRoNiCLE #2),£16.28,In stock (16 available)
63,Slow States of Collapse: Poems,£57.31,In stock (17 available)
64,"We Love You, Charlie Freeman",£50.27,In stock (16 available)
65,Untitled Collection: Sabbath Poems 2014,£14.27,In stock (16 available)
66,The Death of Humanity: and the Case for Life,£58.11,In stock (16 available)
67,The Murder That Never Was (Forensic Instincts #5),£54.11,In stock (16 available)
68,"Saga, Volume 6 (Saga (Collected Editions) #6)",£25.02,In stock (16 available)
69,"The Bulletproof Diet: Lose up to a Pound a Day, Reclaim Energy and Focus, Upgrade Your Life",£49.05,In stock (16 available)
70,"The Mindfulness and Acceptance Workbook for Anxiety: A Guide to Breaking Free from Anxiety, Phobias, and Worry Using Acceptance and Commitment Therapy",£23.89,In stock (16 available)
71,The Art Forger,£40.76,In stock (16 available)
72,The Most Perfect Thing: Inside (and Outside) a Bird's Egg,£42.96,In stock (16 available)
73,All products,£57.31,In stock (16 available)
74,Security,£39.25,In stock (16 available)
75,The Life-Changing Magic of Tidying Up: The Japanese Art of Decluttering and Organizing,£16.77,In stock (16 available)
76,The Age of Genius: The Seventeenth Century and the Birth of the Modern Mind,£19.73,In stock (16 available)
77,The Activist's Tao Te Ching: Ancient Advice for a Modern Revolution,£32.24,In stock (16 available)
78,"Saga, Volume 5 (Saga (Collected Editions) #5)",£51.04,In stock (16 available)
79,"Rat Queens, Vol. 3: Demons (Rat Queens (Collected Editions) #11-15)",£50.40,In stock (16 available)
80,The Gutsy Girl: Escapades for Your Life of Epic Adventure,£37.13,In stock (16 available)
81,Spark Joy: An Illustrated Master Class on the Art of Organizing and Tidying Up,£41.83,In stock (16 available)
82,All products,£13.61,In stock (16 available)
83,Reskilling America: Learning to Labor in the Twenty-First Century,£19.83,In stock (16 available)
84,The Nameless City (The Nameless City #1),£38.16,In stock (16 available)
85,The Electric Pencil: Drawings from Inside State Hospital No. 3,£56.06,In stock (16 available)
86,Soul Reader,£39.58,In stock (16 available)
87,"The Inefficiency Assassin: Time Management Tactics for Working Smarter, Not Longer",£20.59,In stock (16 available)
88,Princess Between Worlds (Wide-Awake Princess #5),£13.34,In stock (16 available)
89,"Lumberjanes, Vol. 1: Beware the Kitten Holy (Lumberjanes #1-4)",£45.61,In stock (16 available)
90,"Pop Gun War, Volume 1: Gift",£18.97,In stock (16 available)
91,"Princess Jellyfish 2-in-1 Omnibus, Vol. 01 (Princess Jellyfish 2-in-1 Omnibus #1)",£13.61,In stock (16 available)
92,Masks and Shadows,£56.40,In stock (16 available)
93,"Outcast, Vol. 1: A Darkness Surrounds Him (Outcast #1)",£15.44,In stock (16 available)
94,All products,£57.36,In stock (16 available)
95,Judo: Seven Steps to Black Belt (an Introductory Guide for Beginners),£53.90,In stock (16 available)
96,"Political Suicide: Missteps, Peccadilloes, Bad Calls, Backroom Hijinx, Sordid Pasts, Rotten Breaks, and Just Plain Dumb Mistakes in the Annals of American Politics",£36.28,In stock (16 available)
97,Online Marketing for Busy Authors: A Step-By-Step Guide,£46.35,In stock (16 available)
98,In the Country We Love: My Family Divided,£22.00,In stock (16 available)
99,All products,£38.16,In stock (16 available)
100,"Mama Tried: Traditional Italian Cooking for the Screwed, Crude, Vegan, and Tattooed",£14.02,In stock (16 available)
101,My Paris Kitchen: Recipes and Stories,£33.37,In stock (16 available)
102,orange: The Complete Collection 1 (orange: The Complete Collection #1),£48.41,In stock (16 available)
103,Obsidian (Lux #1),£14.86,In stock (16 available)
104,"Layered: Baking, Building, and Styling Spectacular Cakes",£40.11,In stock (16 available)
105,Lumberjanes Vol. 3: A Terrible Plan (Lumberjanes #9-12),£19.92,In stock (16 available)
106,"Lumberjanes, Vol. 2: Friendship to the Max (Lumberjanes #5-8)",£46.91,In stock (16 available)
107,Join,£35.67,In stock (16 available)
108,Patience,£10.16,In stock (16 available)
109,On a Midnight Clear,£14.07,In stock (16 available)
110,Bossypants,£49.46,In stock (16 available)
111,Her Backup Boyfriend (The Sorensen Family #1),£33.97,In stock (16 available)
112,How to Be Miserable: 40 Strategies You Already Use,£46.03,In stock (16 available)
113,Immunity: How Elie Metchnikoff Changed the Course of Modern Medicine,£57.36,In stock (16 available)
114,Forever and Forever: The Courtship of Henry Longfellow and Fanny Appleton,£29.69,In stock (16 available)
115,Crown of Midnight (Throne of Glass #2),£43.29,In stock (16 available)
116,Burning,£28.81,In stock (16 available)
117,All products,£30.81,In stock (16 available)
118,"Don't Be a Jerk: And Other Practical Advice from Dogen, Japan's Greatest Zen Master",£37.97,In stock (16 available)
119,First and First (Five Boroughs #3),£15.97,In stock (16 available)
120,"Avatar: The Last Airbender: Smoke and Shadow, Part 3 (Smoke and Shadow #3)",£28.09,In stock (16 available)
121,Camp Midnight,£17.08,In stock (16 available)
122,"Codename Baboushka, Volume 1: The Conclave of Death",£36.72,In stock (16 available)
123,Fifty Shades Darker (Fifty Shades #2),£21.96,In stock (16 available)
124,"I Hate Fairyland, Vol. 1: Madly Ever After (I Hate Fairyland (Compilations) #1-5)",£29.17,In stock (16 available)
125,I am a Hero Omnibus Volume 1,£54.63,In stock (16 available)
126,All products,£13.61,In stock (16 available)
127,Call the Nurse: True Stories of a Country Nurse on a Scottish Isle,£29.14,In stock (16 available)
128,Everydata: The Misinformation Hidden in the Little Data You Consume Every Day,£54.35,In stock (16 available)
129,"Bitch Planet, Vol. 1: Extraordinary Machine (Bitch Planet (Collected Editions))",£37.92,In stock (16 available)
130,"Giant Days, Vol. 2 (Giant Days #5-8)",£22.11,In stock (16 available)
131,Danganronpa Volume 1,£51.99,In stock (16 available)
132,(Un)Qualified: How God Uses Broken People to Do Big Things,£54.00,In stock (16 available)
133,Thomas Jefferson and the Tripoli Pirates: The Forgotten War That Changed American History,£59.64,In stock (15 available)
134,All products,£33.14,In stock (15 available)
135,The Wedding Dress,£24.12,In stock (15 available)
136,A Court of Thorns and Roses (A Court of Thorns and Roses #1),£52.37,In stock (16 available)
137,The Vacationers,£42.15,In stock (15 available)
138,All products,£57.36,In stock (15 available)
139,A Murder in Time,£16.64,In stock (16 available)
140,The Third Wave: An Entrepreneur’s Vision of the Future,£12.61,In stock (15 available)
141,You Are What You Love: The Spiritual Power of Habit,£21.87,In stock (15 available)
142,A Fierce and Subtle Poison,£28.13,In stock (16 available)
143,Thirteen Reasons Why,£52.72,In stock (15 available)
144,"William Shakespeare's Star Wars: Verily, A New Hope (William Shakespeare's Star Wars #4)",£43.30,In stock (15 available)
145,A World of Flavor: Your Gluten Free Passport,£42.95,In stock (16 available)
146,Tuesday Nights in 1980,£21.04,In stock (15 available)
147,A Flight of Arrows (The Pathfinders #2),£55.53,In stock (16 available)
148,The White Cat and the Monk: A Retelling of the Poem “Pangur Bán”,£58.08,In stock (15 available)
149,Algorithms to Live By: The Computer Science of Human Decisions,£30.81,In stock (16 available)
150,Tracing Numbers on a Train,£41.60,In stock (15 available)
151,The Stranger,£17.44,In stock (15 available)
152,"A Piece of Sky, a Grain of Rice: A Memoir in Four Meditations",£56.76,In stock (16 available)
153,Throne of Glass (Throne of Glass #1),£35.07,In stock (15 available)
154,All products,£32.00,In stock (15 available)
155,The Psychopath Test: A Journey Through the Madness Industry,£36.00,In stock (15 available)
156,The Girl on the Train,£55.02,In stock (15 available)
157,The Genius of Birds,£17.24,In stock (15 available)
158,All products,£30.81,In stock (15 available)
159,The Power of Now: A Guide to Spiritual Enlightenment,£43.54,In stock (15 available)
160,The Kite Runner,£41.82,In stock (15 available)
161,The Secret (The Secret #1),£27.37,In stock (15 available)
162,The Nerdy Nummies Cookbook: Sweet Treats for the Geek in All of Us,£37.34,In stock (15 available)
163,The Project,£10.65,In stock (15 available)
164,The Murder of Roger Ackroyd (Hercule Poirot #4),£44.10,In stock (15 available)
165,The Matchmaker's Playbook (Wingmen Inc. #1),£55.85,In stock (15 available)
166,The Shadow Hero (The Shadow Hero),£33.14,In stock (15 available)
167,The Mistake (Off-Campus #2),£43.29,In stock (15 available)
168,The House by the Lake,£36.95,In stock (15 available)
169,The Cookies & Cups Cookbook: 125+ sweet & savory recipes reminding you to Always Eat Dessert First,£41.25,In stock (15 available)
170,The Long Shadow of Small Ghosts: Murder and Memory in an American City,£10.97,In stock (15 available)
171,The Omnivore's Dilemma: A Natural History of Four Meals,£38.21,In stock (15 available)
172,The Love and Lemons Cookbook: An Apple-to-Zucchini Celebration of Impromptu Cooking,£37.60,In stock (15 available)
173,The Emerald Mystery,£23.15,In stock (15 available)
174,The Regional Office Is Under Attack!,£51.36,In stock (15 available)
175,The Glittering Court (The Glittering Court #1),£44.28,In stock (15 available)
176,The Argonauts,£10.93,In stock (15 available)
177,Soft Apocalypse,£26.12,In stock (15 available)
178,All products,£33.14,In stock (15 available)
179,Shoe Dog: A Memoir by the Creator of NIKE,£23.99,In stock (15 available)
180,The 10% Entrepreneur: Live Your Startup Dream Without Quitting Your Day Job,£27.55,In stock (15 available)
181,Poses for Artists Volume 1 - Dynamic and Sitting Poses: An Essential Reference for Figure Drawing and the Human Form,£41.06,In stock (15 available)
182,The Artist's Way: A Spiritual Path to Higher Creativity,£38.49,In stock (15 available)
183,Romero and Juliet: A Tragic Tale of Love and Zombies,£36.94,In stock (15 available)
184,So You've Been Publicly Shamed,£12.23,In stock (15 available)
185,Night Sky with Exit Wounds,£41.05,In stock (15 available)
186,Suddenly in Love (Lake Haven #1),£55.99,In stock (15 available)
187,Redeeming Love,£20.47,In stock (15 available)
188,Secrets and Lace (Fatal Hearts #1),£20.27,In stock (15 available)
189,Poems That Make Grown Women Cry,£14.19,In stock (15 available)
190,"Nightingale, Sing",£38.28,In stock (15 available)
191,Scarlett Epstein Hates It Here,£43.55,In stock (15 available)
192,Something More Than This,£16.24,In stock (15 available)
193,All products,£28.26,In stock (15 available)
194,The Art of War,£33.34,In stock (15 available)
195,Mrs. Houdini,£30.25,In stock (15 available)
196,The Bridge to Consciousness: I'm Writing the Bridge Between Science and Our Old and New Beliefs.,£32.00,In stock (15 available)
197,"Shobu Samurai, Project Aryoku (#3)",£29.06,In stock (15 available)
198,All products,£19.19,In stock (15 available)
199,Follow You Home,£21.36,In stock (15 available)
200,Large Print Heart of the Pride,£19.15,In stock (15 available)
201,I Had a Nice Time And Other Lies...: How to find love & sh*t like that,£57.36,In stock (15 available)
202,All products,£32.00,In stock (15 available)
203,Drive: The Surprising Truth About What Motivates Us,£34.95,In stock (15 available)
204,Modern Romance,£28.26,In stock (15 available)
205,Eureka Trivia 6.0,£54.59,In stock (15 available)
206,Grumbles,£22.16,In stock (15 available)
207,"Fables, Vol. 1: Legends in Exile (Fables #1)",£41.62,In stock (15 available)
208,Miss Peregrine’s Home for Peculiar Children (Miss Peregrine’s Peculiar Children #1),£10.76,In stock (15 available)
209,Doing It Over (Most Likely To #1),£35.61,In stock (15 available)
210,Full Moon over Noah’s Ark: An Odyssey to Mount Ararat and Beyond,£49.43,In stock (15 available)
211,Library of Souls (Miss Peregrine’s Peculiar Children #3),£48.56,In stock (15 available)
212,Hollow City (Miss Peregrine’s Peculiar Children #2),£42.98,In stock (15 available)
213,First Steps for New Christians (Print Edition),£29.00,In stock (15 available)
214,Done Rubbed Out (Reightman & Bailey #1),£37.72,In stock (15 available)
215,Louisa: The Extraordinary Life of Mrs. Adams,£16.85,In stock (15 available)
216,"Deliciously Ella Every Day: Quick and Easy Recipes for Gluten-Free Snacks, Packed Lunches, and Simple Meals",£42.16,In stock (15 available)
217,Finders Keepers (Bill Hodges Trilogy #2),£53.53,In stock (15 available)
218,Frostbite (Vampire Academy #2),£29.99,In stock (15 available)
219,Little Red,£13.47,In stock (15 available)
220,Zealot: The Life and Times of Jesus of Nazareth,£24.70,In stock (14 available)
221,Becoming Wise: An Inquiry into the Mystery and Art of Living,£27.43,In stock (15 available)
222,Close to You,£49.46,In stock (15 available)
223,Why the Right Went Wrong: Conservatism--From Goldwater to the Tea Party and Beyond,£52.65,In stock (14 available)
224,Dark Notes,£19.19,In stock (15 available)
225,Beauty Restored (Riley Family Legacy Novellas #3),£11.11,In stock (15 available)
226,Amatus,£50.54,In stock (15 available)
227,Amid the Chaos,£36.58,In stock (15 available)
228,Amy Meets the Saints and Sages,£18.46,In stock (15 available)
229,Big Magic: Creative Living Beyond Fear,£30.80,In stock (15 available)
230,Anonymous,£46.82,In stock (15 available)
231,Batman: The Long Halloween (Batman),£36.50,In stock (15 available)
232,"Daring Greatly: How the Courage to Be Vulnerable Transforms the Way We Live, Love, Parent, and Lead",£19.43,In stock (15 available)
233,Chasing Heaven: What Dying Taught Me About Living,£37.80,In stock (15 available)
234,Agnostic: A Spirited Manifesto,£12.51,In stock (15 available)
235,You (You #1),£43.61,In stock (14 available)
236,All products,£38.20,In stock (14 available)
237,Batman: The Dark Knight Returns (Batman),£15.38,In stock (15 available)
238,All products,£28.26,In stock (15 available)
239,Wild Swans,£14.36,In stock (14 available)
240,"Wonder Woman: Earth One, Volume One (Wonder Woman: Earth One #1)",£37.34,In stock (14 available)
241,Ayumi's Violin,£15.48,In stock (15 available)
242,All products,£19.19,In stock (15 available)
243,All products,£16.88,In stock (15 available)
244,The Wright Brothers,£56.80,In stock (14 available)
245,Until Friday Night (The Field Party #1),£46.31,In stock (14 available)
246,Twenty Yawns,£22.08,In stock (14 available)
247,The Year of Magical Thinking,£43.04,In stock (14 available)
248,The Time Keeper,£27.88,In stock (14 available)
249,"Unbroken: A World War II Story of Survival, Resilience, and Redemption",£45.95,In stock (14 available)
250,The Songs of the Gods,£44.48,In stock (14 available)
251,The Star-Touched Queen,£46.02,In stock (14 available)
252,The Song of Achilles,£37.40,In stock (14 available)
253,The Wedding Pact (The O'Malleys #2),£32.61,In stock (14 available)
254,Through the Woods,£25.38,In stock (14 available)
255,What's It Like in Space?: Stories from Astronauts Who've Been There,£19.60,In stock (14 available)
256,The White Queen (The Cousins' War #1),£25.91,In stock (14 available)
257,V for Vendetta (V for Vendetta Complete),£37.10,In stock (14 available)
258,Walt Disney's Alice in Wonderland,£12.96,In stock (14 available)
259,"We Are Robin, Vol. 1: The Vigilante Business (We Are Robin #1)",£53.90,In stock (14 available)
260,Whole Lotta Creativity Going On: 60 Fun and Unusual Exercises to Awaken and Strengthen Your Creativity,£38.20,In stock (14 available)
261,The Rosie Project (Don Tillman #1),£54.04,In stock (14 available)
262,This Is Where It Ends,£27.12,In stock (14 available)
263,The Testament of Mary,£52.67,In stock (14 available)
264,The Lucifer Effect: Understanding How Good People Turn Evil,£10.40,In stock (14 available)
265,The Immortal Life of Henrietta Lacks,£40.67,In stock (14 available)
266,That Darkness (Gardiner and Renner #1),£13.92,In stock (14 available)
267,The First Hostage (J.B. Collins #2),£25.85,In stock (14 available)
268,The Help Yourself Cookbook for Kids: 60 Easy Plant-Based Recipes Kids Can Make to Stay Healthy and Save the Earth,£28.77,In stock (14 available)
269,The Long Haul (Diary of a Wimpy Kid #9),£44.07,In stock (14 available)
270,The Darkest Lie,£35.35,In stock (14 available)
271,The Power of Habit: Why We Do What We Do in Life and Business,£16.88,In stock (14 available)
272,The Literature Book (Big Ideas Simply Explained),£17.43,In stock (14 available)
273,The Hidden Oracle (The Trials of Apollo #1),£52.26,In stock (14 available)
274,The Dovekeepers,£48.78,In stock (14 available)
275,All products,£38.20,In stock (14 available)
276,The Bad-Ass Librarians of Timbuktu: And Their Race to Save the World’s Most Precious Manuscripts,£15.77,In stock (14 available)
277,The Bane Chronicles (The Bane Chronicles #1-11),£44.73,In stock (14 available)
278,The 14th Colony (Cotton Malone #11),£39.24,In stock (14 available)
279,Tastes Like Fear (DI Marnie Rome #3),£10.69,In stock (14 available)
280,The Marriage of Opposites,£28.08,In stock (14 available)
281,The Loney,£23.40,In stock (14 available)
282,All products,£45.58,In stock (14 available)
283,The Guilty (Will Robie #4),£13.82,In stock (14 available)
284,Take Me with You,£45.21,In stock (14 available)
285,The Last Mile (Amos Decker #2),£54.21,In stock (14 available)
286,"Naruto (3-in-1 Edition), Vol. 14: Includes Vols. 40, 41 & 42 (Naruto: Omnibus #14)",£38.39,In stock (14 available)
287,All products,£16.88,In stock (14 available)
288,"Red Hood/Arsenal, Vol. 1: Open for Business (Red Hood/Arsenal #1)",£25.48,In stock (14 available)
289,All products,£41.56,In stock (14 available)
290,Swell: A Year of Waves,£45.58,In stock (14 available)
291,Rain Fish,£23.57,In stock (14 available)
292,"So Cute It Hurts!!, Vol. 6 (So Cute It Hurts!! #6)",£35.43,In stock (14 available)
293,Superman Vol. 1: Before Truth (Superman by Gene Luen Yang #1),£11.89,In stock (14 available)
294,Still Life with Bread Crumbs,£26.41,In stock (14 available)
295,Shtum,£55.84,In stock (14 available)
296,Robin War,£47.82,In stock (14 available)
297,salt.,£46.78,In stock (14 available)
298,See America: A Celebration of Our National Parks & Treasured Sites,£48.87,In stock (14 available)
299,"Quarter Life Poetry: Poems for the Young, Broke and Hangry",£50.89,In stock (14 available)
300,Pet Sematary,£10.56,In stock (14 available)
301,Someone Like You (The Harrisons #2),£52.79,In stock (14 available)
302,Old School (Diary of a Wimpy Kid #10),£11.83,In stock (14 available)
303,"Overload: How to Unplug, Unwind, and Unleash Yourself from the Pressure of Stress",£52.15,In stock (14 available)
304,Once Was a Time,£18.28,In stock (14 available)
305,No Dream Is Too High: Life Lessons From a Man Who Walked on the Moon,£21.95,In stock (14 available)
306,Sorting the Beef from the Bull: The Science of Food Fraud Forensics,£44.74,In stock (14 available)
307,Steve Jobs,£39.50,In stock (14 available)
308,"Hyperbole and a Half: Unfortunate Situations, Flawed Coping Mechanisms, Mayhem, and Other Things That Happened",£14.75,In stock (14 available)
309,"Living Leadership by Insight: A Good Leader Achieves, a Great Leader Builds Monuments",£46.91,In stock (14 available)
310,More Than Music (Chasing the Dream #1),£37.61,In stock (14 available)
311,Looking for Lovely: Collecting the Moments that Matter,£29.14,In stock (14 available)
312,My Mrs. Brown,£24.48,In stock (14 available)
313,Let It Out: A Journey Through Journaling,£26.79,In stock (14 available)
314,Island of Dragons (Unwanteds #7),£29.65,In stock (14 available)
315,Luis Paints the World,£53.95,In stock (14 available)
316,I Know What I'm Doing -- and Other Lies I Tell Myself: Dispatches from a Life Under Construction,£25.98,In stock (14 available)
317,"Hush, Hush (Hush, Hush #1)",£47.02,In stock (14 available)
318,Mr. Mercedes (Bill Hodges Trilogy #1),£28.90,In stock (14 available)
319,Lady Midnight (The Dark Artifices #1),£16.28,In stock (14 available)
320,Love Is a Mix Tape (Music #1),£18.03,In stock (14 available)
321,Made to Stick: Why Some Ideas Survive and Others Die,£38.85,In stock (14 available)
322,Luckiest Girl Alive,£49.83,In stock (14 available)
323,My Kind of Crazy,£40.36,In stock (14 available)
324,"It's All Easy: Healthy, Delicious Weeknight Meals in under 30 Minutes",£19.55,In stock (14 available)
325,I Am Pilgrim (Pilgrim #1),£10.60,In stock (14 available)
326,All products,£28.82,In stock (14 available)
327,My Name Is Lucy Barton,£41.56,In stock (14 available)
328,Lowriders to the Center of the Earth (Lowriders in Space #2),£51.51,In stock (14 available)
329,All products,£45.58,In stock (14 available)
330,Daily Fantasy Sports,£36.58,In stock (14 available)
331,Crazy Love: Overwhelmed by a Relentless God,£47.72,In stock (14 available)
332,All products,£41.56,In stock (14 available)
333,Feathers: Displays of Brilliant Plumage,£49.05,In stock (14 available)
334,"Far & Away: Places on the Brink of Change: Seven Continents, Twenty-Five Years",£15.06,In stock (14 available)
335,Greek Mythic History,£10.23,In stock (14 available)
336,Glory over Everything: Beyond The Kitchen House,£45.84,In stock (14 available)
337,All products,£22.13,In stock (14 available)
338,Every Last Word,£46.47,In stock (14 available)
339,Cometh the Hour (The Clifton Chronicles #6),£25.01,In stock (14 available)
340,El Deafo,£57.62,In stock (14 available)
341,Doctor Sleep (The Shining #2),£40.12,In stock (14 available)
342,Demigods & Magicians: Percy and Annabeth Meet the Kanes (Percy Jackson & Kane Chronicles Crossover #1-3),£37.51,In stock (14 available)
343,Dear Mr. Knightley,£11.21,In stock (14 available)
344,"Eat Fat, Get Thin",£54.07,In stock (14 available)
345,Hamilton: The Revolution,£58.79,In stock (14 available)
346,Don't Get Caught,£55.35,In stock (14 available)
347,"Eaternity: More than 150 Deliciously Easy Vegan Recipes for a Long, Healthy, Satisfied, Joyful Life",£51.75,In stock (14 available)
348,God: The Most Unpleasant Character in All Fiction,£30.03,In stock (14 available)
349,Eight Hundred Grapes,£14.39,In stock (14 available)
350,Eligible (The Austen Project #4),£27.09,In stock (14 available)
351,Hold Your Breath (Search and Rescue #1),£28.82,In stock (14 available)
352,Barefoot Contessa at Home: Everyday Recipes You'll Make Over and Over Again,£50.62,In stock (14 available)
353,Batman: Europa,£32.01,In stock (14 available)
354,Buying In: The Secret Dialogue Between What We Buy and Who We Are,£37.80,In stock (14 available)
355,Balloon Animals,£17.03,In stock (14 available)
356,Code Name Verity (Code Name Verity #1),£22.13,In stock (14 available)
357,Barefoot Contessa Back to Basics,£28.01,In stock (14 available)
358,Brain on Fire: My Month of Madness,£49.32,In stock (14 available)
359,City of Fallen Angels (The Mortal Instruments #4),£11.23,In stock (14 available)
360,Art Ops Vol. 1,£48.80,In stock (14 available)
361,City of Glass (The Mortal Instruments #3),£56.02,In stock (14 available)
362,Clockwork Angel (The Infernal Devices #1),£44.14,In stock (14 available)
363,Angels & Demons (Robert Langdon #1),£51.48,In stock (14 available)
364,Angels Walking (Angels Walking #1),£34.20,In stock (14 available)
365,Cell,£20.29,In stock (14 available)
366,Carrie,£46.23,In stock (14 available)
367,Catching Jordan (Hundred Oaks),£50.83,In stock (14 available)
368,Aristotle and Dante Discover the Secrets of the Universe (Aristotle and Dante Discover the Secrets of the Universe #1),£58.14,In stock (14 available)
369,City of Ashes (The Mortal Instruments #2),£47.27,In stock (14 available)
370,All products,£29.87,In stock (14 available)
371,All products,£28.82,In stock (14 available)
372,City of Bones (The Mortal Instruments #1),£43.28,In stock (14 available)
373,"Carry On, Warrior: Thoughts on Life Unarmed",£31.85,In stock (14 available)
374,A Man Called Ove,£39.72,In stock (14 available)
375,My Kitchen Year: 136 Recipes That Saved My Life,£11.53,In stock (13 available)
376,Searching for Meaning in Gailana,£38.73,In stock (13 available)
377,Rook,£37.86,In stock (13 available)
378,1491: New Revelations of the Americas Before Columbus,£21.80,In stock (14 available)
379,All the Light We Cannot See,£29.87,In stock (14 available)
380,Tipping Point for Planet Earth: How Close Are We to the Edge?,£37.55,In stock (12 available)
381,The Star-Touched Queen,£32.30,In stock (12 available)
382,The Silent Sister (Riley MacPherson #1),£46.29,In stock (12 available)
383,A Time of Torment (Charlie Parker #14),£48.35,In stock (14 available)
384,Will You Won't You Want Me?,£13.86,In stock (12 available)
385,A Study in Scarlet (Sherlock Holmes #1),£16.73,In stock (14 available)
386,All products,£22.13,In stock (14 available)
387,All products,£26.20,In stock (14 available)
388,"The Three Searches, Meaning, and the Story",£13.33,In stock (13 available)
389,Abstract City,£56.37,In stock (14 available)
390,A Distant Mirror: The Calamitous 14th Century,£14.58,In stock (14 available)
391,13 Hours: The Inside Account of What Really Happened In Benghazi,£27.06,In stock (13 available)
392,"Adulthood Is a Myth: A ""Sarah's Scribbles"" Collection",£10.90,In stock (14 available)
393,"A Series of Catastrophes and Miracles: A True Story of Love, Science, and Cancer",£56.48,In stock (14 available)
394,A Brush of Wings (Angels Walking #3),£55.51,In stock (14 available)
395,A People's History of the United States,£40.79,In stock (14 available)
396,Quench Your Own Thirst: Business Lessons Learned Over a Beer or Two,£43.14,In stock (12 available)
397,All products,£11.84,In stock (12 available)
398,Psycho: Sanitarium (Psycho #1.5),£36.97,In stock (12 available)
399,The Lonely City: Adventures in the Art of Being Alone,£33.26,In stock (12 available)
400,One with You (Crossfire #5),£15.71,In stock (12 available)
401,The Children,£11.88,In stock (12 available)
402,Most Wanted,£35.28,In stock (12 available)
403,The Diary of a Young Girl,£59.90,In stock (12 available)
404,The Golden Condom: And Other Essays on Love Lost and Found,£39.43,In stock (12 available)
405,The Gray Rhino: How to Recognize and Act on the Obvious Dangers We Ignore,£59.15,In stock (12 available)
406,Snatched: How A Drug Queen Went Undercover for the DEA and Was Kidnapped By Colombian Guerillas,£21.21,In stock (12 available)
407,The Midnight Watch: A Novel of the Titanic and the Californian,£26.20,In stock (12 available)
408,Murder at the 42nd Street Library (Raymond Ambler #1),£54.36,In stock (12 available)
409,How to Speak Golf: An Illustrated Guide to Links Lingo,£58.32,In stock (12 available)
410,Stars Above (The Lunar Chronicles #4.5),£48.05,In stock (12 available)
411,No Love Allowed (Dodge Cove #1),£54.65,In stock (12 available)
412,"Love, Lies and Spies",£20.55,In stock (12 available)
413,The Dinner Party,£56.54,In stock (12 available)
414,The Epidemic (The Program 0.6),£14.44,In stock (12 available)
415,All products,£29.87,In stock (12 available)
416,Poisonous (Max Revere Novels #3),£26.80,In stock (12 available)
417,Raspberry Pi Electronics Projects for the Evil Genius,£49.67,In stock (12 available)
418,All products,£13.34,In stock (12 available)
419,Dirty (Dive Bar #1),£40.83,In stock (12 available)
420,Troublemaker: Surviving Hollywood and Scientology,£48.39,In stock (11 available)
421,"A la Mode: 120 Recipes in 60 Pairings: Pies, Tarts, Cakes, Crisps, and More Topped with Ice Cream, Gelato, Frozen Custard, and More",£38.77,In stock (12 available)
422,The Widow,£27.26,In stock (11 available)
423,Equal Is Unfair: America's Misguided Fight Against Income Inequality,£56.86,In stock (12 available)
424,Everyday Italian: 125 Simple and Delicious Recipes,£20.10,In stock (12 available)
425,"The Sleep Revolution: Transforming Your Life, One Night at a Time",£11.68,In stock (11 available)
426,Boar Island (Anna Pigeon #19),£59.48,In stock (12 available)
427,Eleanor & Park,£56.51,In stock (12 available)
428,Can You Keep a Secret? (Fear Street Relaunch #4),£48.64,In stock (12 available)
429,Take Me Home Tonight (Rock Star Romance #3),£53.98,In stock (11 available)
430,Playing with Fire,£13.71,In stock (11 available)
431,All products,£26.20,In stock (11 available)
432,Furiously Happy: A Funny Book About Horrible Things,£41.46,In stock (12 available)
433,"Setting the World on Fire: The Brief, Astonishing Life of St. Catherine of Siena",£21.15,In stock (11 available)
434,The Art of Startup Fundraising,£21.00,In stock (11 available)
435,Hide Away (Eve Duncan #20),£11.84,In stock (12 available)
436,Off the Hook (Fishing for Trouble #1),£47.67,In stock (11 available)
437,Sleeping Giants (Themis Files #1),£48.74,In stock (11 available)
438,The Improbability of Love,£59.45,In stock (11 available)
439,A Paris Apartment,£39.01,In stock (12 available)
440,A Gentleman's Position (Society of Gentlemen #3),£14.75,In stock (11 available)
441,Cravings: Recipes for What You Want to Eat,£20.50,In stock (11 available)
442,All products,£11.84,In stock (11 available)
443,Adultery,£20.88,In stock (11 available)
444,Arena,£21.36,In stock (11 available)
445,"Mother, Can You Not?",£16.89,In stock (11 available)
446,Lies and Other Acts of Love,£45.14,In stock (11 available)
447,Born for This: How to Find the Work You Were Meant to Do,£21.59,In stock (11 available)
448,11/22/63,£48.48,In stock (11 available)
449,Keep Me Posted,£20.46,In stock (11 available)
450,All products,£48.27,In stock (11 available)
451,Lilac Girls,£17.28,In stock (11 available)
452,Mothering Sunday,£13.34,In stock (11 available)
453,M Train,£27.18,In stock (11 available)
454,10-Day Green Smoothie Cleanse: Lose Up to 15 Pounds in 10 Days!,£49.71,In stock (10 available)
455,"Exit, Pursued by a Bear",£51.34,In stock (11 available)
456,Grey (Fifty Shades #4),£48.49,In stock (11 available)
457,Lab Girl,£40.85,In stock (11 available)
458,"10% Happier: How I Tamed the Voice in My Head, Reduced Stress Without Losing My Edge, and Found Self-Help That Actually Works",£24.57,In stock (10 available)
459,A Mother's Reckoning: Living in the Aftermath of Tragedy,£19.53,In stock (11 available)
460,It Didn't Start with You: How Inherited Family Trauma Shapes Who We Are and How to End the Cycle,£56.27,In stock (11 available)
461,Daredevils,£16.34,In stock (11 available)
462,The New Brand You: Your New Image Makes the Sale for You,£44.05,In stock (9 available)
463,All products,£13.34,In stock (9 available)
464,Suzie Snowflake: One beautiful flake (a self-esteem story),£54.81,In stock (9 available)
465,Unlimited Intuition Now,£58.87,In stock (9 available)
466,Without Shame,£48.27,In stock (9 available)
467,All products,£35.92,In stock (9 available)
468,Watchmen,£58.05,In stock (9 available)
469,Dress Your Family in Corduroy and Denim,£43.68,In stock (9 available)
470,Nap-a-Roo,£25.08,In stock (9 available)
471,The Alien Club,£54.40,In stock (9 available)
472,Underlying Notes,£11.82,In stock (9 available)
473,"The Fabric of the Cosmos: Space, Time, and the Texture of Reality",£55.91,In stock (9 available)
474,Modern Day Fables,£47.44,In stock (9 available)
475,"NaNo What Now? Finding your editing process, revising your NaNoWriMo book and building a writing career through publishing and beyond",£10.41,In stock (9 available)
476,The Flowers Lied,£16.68,In stock (9 available)
477,Don't Forget Steven,£33.23,In stock (9 available)
478,"Fruits Basket, Vol. 9 (Fruits Basket #9)",£33.95,In stock (9 available)
479,The Art and Science of Low Carbohydrate Living,£52.98,In stock (9 available)
480,The Book of Mormon,£24.57,In stock (9 available)
481,"The Moosewood Cookbook: Recipes from Moosewood Restaurant, Ithaca, New York",£12.34,In stock (9 available)
482,The Shack,£28.03,In stock (9 available)
483,If I Gave You God's Phone Number....: Searching for Spirituality in America,£20.91,In stock (9 available)
484,The Unlikely Pilgrimage of Harold Fry (Harold Fry #1),£43.62,In stock (8 available)
485,Why Not Me?,£17.76,In stock (8 available)
486,The Martian (The Martian #1),£41.39,In stock (8 available)
487,South of Sunshine,£28.93,In stock (8 available)
488,Silence in the Dark (Logan Point #4),£58.33,In stock (8 available)
489,The New Drawing on the Right Side of the Brain,£43.02,In stock (8 available)
490,A Shard of Ice (The Black Symphony Saga #1),£56.63,In stock (9 available)
491,The Grownup,£35.88,In stock (8 available)
492,All products,£48.27,In stock (8 available)
493,The E-Myth Revisited: Why Most Small Businesses Don't Work and What to Do About It,£36.91,In stock (8 available)
494,Shadows of the Past (Logan Point #1),£39.67,In stock (8 available)
495,Vagabonding: An Uncommon Guide to the Art of Long-Term World Travel,£36.94,In stock (8 available)
496,All products,£14.10,In stock (8 available)
497,Smarter Faster Better: The Secrets of Being Productive in Life and Business,£38.89,In stock (8 available)
498,When Breath Becomes Air,£39.36,In stock (8 available)
499,"The Midnight Assassin: Panic, Scandal, and the Hunt for America's First Serial Killer",£28.45,In stock (8 available)
500,A Hero's Curse (The Unseen Chronicles #1),£50.49,In stock (9 available)
501,23 Degrees South: A Tropical Tale of Changing Whether...,£35.79,In stock (9 available)
502,Art and Fear: Observations on the Perils (and Rewards) of Artmaking,£48.63,In stock (9 available)
503,"Zero to One: Notes on Startups, or How to Build the Future",£34.06,In stock (8 available)
504,Chernobyl 01:23:40: The Incredible True Story of the World's Worst Nuclear Disaster,£35.92,In stock (9 available)
505,The High Mountains of Portugal,£51.15,In stock (8 available)
506,Hystopia: A Novel,£21.96,In stock (8 available)
507,Miller's Valley,£58.54,In stock (8 available)
508,"Love That Boy: What Two Presidents, Eight Road Trips, and My Son Taught Me About a Parent's Expectations",£25.06,In stock (8 available)
509,Out of Print: City Lights Spotlight No. 14,£53.64,In stock (8 available)
510,Kierkegaard: A Christian Missionary to Christians,£47.13,In stock (8 available)
511,Les Fleurs du Mal,£29.04,In stock (8 available)
512,Left Behind (Left Behind #1),£40.72,In stock (8 available)
513,My Life Next Door (My Life Next Door ),£36.39,In stock (8 available)
514,All products,£35.92,In stock (8 available)
515,Kill 'Em and Leave: Searching for James Brown and the American Soul,£45.05,In stock (8 available)
516,History of Beauty,£10.29,In stock (8 available)
517,I'll Give You the Sun,£56.48,In stock (8 available)
518,Howl and Other Poems,£40.45,In stock (8 available)
519,Rising Strong,£21.82,In stock (8 available)
520,Please Kill Me: The Uncensored Oral History of Punk,£31.19,In stock (8 available)
521,John Vassos: Industrial Design for Modern Life,£20.22,In stock (8 available)
522,Living Forward: A Proven Plan to Stop Drifting and Get the Life You Want,£12.55,In stock (8 available)
523,All products,£52.86,In stock (8 available)
524,Roller Girl,£14.10,In stock (8 available)
525,Man's Search for Meaning,£29.48,In stock (8 available)
526,I Will Find You,£44.21,In stock (8 available)
527,Proofs of God: Classical Arguments from Tertullian to Barth,£54.21,In stock (8 available)
528,Toddlers Are A**holes: It's Not Your Fault,£25.55,In stock (7 available)
529,Brazen: The Courage to Find the You That's Been Hiding,£19.22,In stock (8 available)
530,You Are a Badass: How to Stop Doubting Your Greatness and Start Living an Awesome Life,£12.08,In stock (7 available)
531,Between the World and Me,£56.91,In stock (8 available)
532,Unreasonable Hope: Finding Faith in the God Who Brings Purpose to Your Pain,£46.33,In stock (7 available)
533,Ender's Game (The Ender Quintet #1),£43.64,In stock (8 available)
534,Being Mortal: Medicine and What Matters in the End,£55.06,In stock (8 available)
535,"""Most Blessed of the Patriarchs"": Thomas Jefferson and the Empire of the Imagination",£44.48,In stock (8 available)
536,Under the Tuscan Sun,£37.33,In stock (7 available)
537,Diary of a Citizen Scientist: Chasing Tiger Beetles and Other New Ways of Engaging the World,£28.41,In stock (8 available)
538,Heaven is for Real: A Little Boy's Astounding Story of His Trip to Heaven and Back,£52.86,In stock (8 available)
539,Brilliant Beacons: A History of the American Lighthouse,£11.45,In stock (8 available)
540,The Year of Living Biblically: One Man's Humble Quest to Follow the Bible as Literally as Possible,£34.72,In stock (7 available)
541,"A Murder Over a Girl: Justice, Gender, Junior High",£13.20,In stock (8 available)
542,What Happened on Beale Street (Secrets of the South Mysteries #2),£25.37,In stock (7 available)
543,Death by Leisure: A Cautionary Tale,£37.51,In stock (8 available)
544,All products,£14.10,In stock (8 available)
545,Wildlife of New York: A Five-Borough Coloring Book,£22.14,In stock (7 available)
546,32 Yolks,£53.63,In stock (8 available)
547,All products,£41.14,In stock (8 available)
548,The Whale,£35.96,In stock (7 available)
549,Future Shock (Future Shock #1),£55.65,In stock (8 available)
550,The Bachelor Girl's Guide to Murder (Herringford and Watts Mysteries #1),£52.30,In stock (7 available)
551,The Great Gatsby,£36.05,In stock (7 available)
552,The Constant Princess (The Tudor Court #1),£16.62,In stock (7 available)
553,The Bourne Identity (Jason Bourne #1),£42.78,In stock (7 available)
554,The 7 Habits of Highly Effective People: Powerful Lessons in Personal Change,£33.17,In stock (7 available)
555,The Story of Art,£41.14,In stock (7 available)
556,The Drowning Girls,£35.67,In stock (7 available)
557,"Rich Dad, Poor Dad",£51.74,In stock (7 available)
558,The Faith of Christopher Hitchens: The Restless Soul of the World's Most Notorious Atheist,£39.55,In stock (7 available)
559,The Art Book,£32.34,In stock (7 available)
560,The Origin of Species,£10.01,In stock (7 available)
561,"Sit, Stay, Love",£20.90,In stock (7 available)
562,Team of Rivals: The Political Genius of Abraham Lincoln,£20.12,In stock (7 available)
563,Sister Dear,£40.20,In stock (7 available)
564,Playing from the Heart,£32.38,In stock (7 available)
565,All products,£50.35,In stock (7 available)
566,The Glass Castle,£16.24,In stock (7 available)
567,The Good Girl,£49.03,In stock (7 available)
568,Raymie Nightingale,£34.41,In stock (7 available)
569,Steal Like an Artist: 10 Things Nobody Told You About Being Creative,£20.90,In stock (7 available)
570,"Shrunken Treasures: Literary Classics, Short, Sweet, and Silly",£52.87,In stock (7 available)
571,All products,£52.86,In stock (7 available)
572,Every Heart a Doorway (Every Heart A Doorway #1),£12.16,In stock (7 available)
573,For the Love: Fighting for Grace in a World of Impossible Standards,£45.13,In stock (7 available)
574,Meternity,£43.58,In stock (7 available)
575,How to Be a Domestic Goddess: Baking and the Art of Comfort Cooking,£28.25,In stock (7 available)
576,Counted With the Stars (Out from Egypt #1),£17.97,In stock (7 available)
577,Nightstruck: A Novel,£50.35,In stock (7 available)
578,Life of Pi,£13.22,In stock (7 available)
579,"Fruits Basket, Vol. 7 (Fruits Basket #7)",£19.57,In stock (7 available)
580,John Adams,£57.43,In stock (7 available)
581,"Naturally Lean: 125 Nourishing Gluten-Free, Plant-Based Recipes--All Under 300 Calories",£11.38,In stock (7 available)
582,Memoirs of a Geisha,£49.67,In stock (7 available)
583,Blue Like Jazz: Nonreligious Thoughts on Christian Spirituality,£25.77,In stock (7 available)
584,How to Cook Everything Vegetarian: Simple Meatless Recipes for Great Food (How to Cook Everything),£46.01,In stock (7 available)
585,Finding God in the Ruins: How God Redeems Pain,£46.64,In stock (7 available)
586,Like Never Before (Walker Family #2),£28.77,In stock (7 available)
587,King's Folly (The Kinsman Chronicles #1),£39.61,In stock (7 available)
588,Good in Bed (Cannie Shapiro #1),£37.05,In stock (7 available)
589,All products,£41.14,In stock (7 available)
590,Leave This Song Behind: Teen Poetry at Its Best,£51.17,In stock (7 available)
591,All products,£48.19,In stock (7 available)
592,"Chronicles, Vol. 1",£52.60,In stock (7 available)
593,Delivering the Truth (Quaker Midwife Mystery #1),£20.89,In stock (7 available)
594,A Gathering of Shadows (Shades of Magic #2),£44.81,In stock (7 available)
595,The Hobbit (Middle-Earth Universe),£17.80,In stock (6 available)
596,A Short History of Nearly Everything,£52.40,In stock (7 available)
597,A Summer In Europe,£44.34,In stock (7 available)
598,Benjamin Franklin: An American Life,£48.19,In stock (7 available)
599,The Mysterious Affair at Styles (Hercule Poirot #1),£24.80,In stock (6 available)
600,The Fellowship of the Ring (The Lord of the Rings #1),£10.27,In stock (6 available)
601,The Joy of Cooking,£43.27,In stock (6 available)
602,The Great Railway Bazaar,£30.54,In stock (6 available)
603,"At The Existentialist Café: Freedom, Being, and apricot cocktails with: Jean-Paul Sartre, Simone de Beauvoir, Albert Camus, Martin Heidegger, Edmund Husserl, Karl Jaspers, Maurice Merleau-Ponty and others",£29.93,In stock (7 available)
604,The Perks of Being a Wallflower,£55.02,In stock (6 available)
605,The Rise and Fall of the Third Reich: A History of Nazi Germany,£39.67,In stock (6 available)
606,The Man Who Mistook His Wife for a Hat and Other Clinical Tales,£59.45,In stock (6 available)
607,The Collected Poems of W.B. Yeats (The Collected Works of W.B. Yeats #1),£15.42,In stock (6 available)
608,The God Delusion,£46.85,In stock (6 available)
609,The Golden Compass (His Dark Materials #1),£18.77,In stock (6 available)
610,All products,£50.35,In stock (6 available)
611,The Makings of a Fatherless Child,£31.58,In stock (6 available)
612,The Girl You Left Behind (The Girl You Left Behind #1),£15.79,In stock (6 available)
613,The Sound Of Love,£57.84,In stock (6 available)
614,All products,£59.92,In stock (6 available)
615,The Invention of Wings,£37.34,In stock (6 available)
616,In the Woods (Dublin Murder Squad #1),£38.38,In stock (6 available)
617,A Year in Provence (Provence #1),£56.88,In stock (6 available)
618,The Barefoot Contessa Cookbook,£59.92,In stock (6 available)
619,Give It Back,£18.32,In stock (6 available)
620,How to Stop Worrying and Start Living,£46.49,In stock (6 available)
621,An Unquiet Mind: A Memoir of Moods and Madness,£21.30,In stock (6 available)
622,Catherine the Great: Portrait of a Woman,£58.55,In stock (6 available)
623,Ship Leaves Harbor: Essays on Travel by a Recovering Journeyman,£30.60,In stock (6 available)
624,"Fruits Basket, Vol. 6 (Fruits Basket #6)",£20.96,In stock (6 available)
625,Mere Christianity,£48.51,In stock (6 available)
626,Pride and Prejudice,£19.27,In stock (6 available)
627,"Girl, Interrupted",£42.14,In stock (6 available)
628,Better Homes and Gardens New Cook Book,£39.61,In stock (6 available)
629,Tell the Wolves I'm Home,£50.96,In stock (6 available)
630,Fun Home: A Family Tragicomic,£56.59,In stock (6 available)
631,Me Before You (Me Before You #1),£19.02,In stock (6 available)
632,Musicophilia: Tales of Music and the Brain,£46.58,In stock (6 available)
633,All products,£48.19,In stock (6 available)
634,All products,£32.97,In stock (6 available)
635,Deception Point,£40.32,In stock (6 available)
636,In Cold Blood,£49.98,In stock (6 available)
637,"Death Note, Vol. 6: Give-and-Take (Death Note #6)",£36.39,In stock (6 available)
638,This Is Your Brain on Music: The Science of a Human Obsession,£38.40,In stock (5 available)
639,The Expatriates,£44.58,In stock (5 available)
640,All products,£59.92,In stock (5 available)
641,All products,£34.50,In stock (5 available)
642,Two Summers,£14.64,In stock (5 available)
643,The Raven King (The Raven Cycle #4),£30.57,In stock (5 available)
644,Why Save the Bankers?: And Other Essays on Our Economic and Political Crisis,£48.67,In stock (5 available)
645,What If?: Serious Scientific Answers to Absurd Hypothetical Questions,£53.68,In stock (5 available)
646,The Secret Garden,£15.08,In stock (5 available)
647,"Will Grayson, Will Grayson (Will Grayson, Will Grayson)",£47.31,In stock (5 available)
648,The Little Paris Bookshop,£24.73,In stock (5 available)
649,World Without End (The Pillars of the Earth #2),£32.97,In stock (5 available)
650,The Fault in Our Stars,£47.22,In stock (5 available)
651,The Mathews Men: Seven Brothers and the War Against Hitler's U-boats,£42.91,In stock (5 available)
652,The Hiding Place,£55.91,In stock (5 available)
653,The Firm,£45.56,In stock (5 available)
654,The Metamorphosis,£28.58,In stock (5 available)
655,Where She Went (If I Stay #2),£41.73,In stock (5 available)
656,The Raven Boys (The Raven Cycle #1),£57.74,In stock (5 available)
657,The Grand Design,£13.76,In stock (5 available)
658,The False Prince (The Ascendance Trilogy #1),£56.00,In stock (5 available)
659,The Power Greens Cookbook: 140 Delicious Superfood Recipes,£11.05,In stock (5 available)
660,Killing Floor (Jack Reacher #1),£31.49,In stock (5 available)
661,Siddhartha,£34.22,In stock (5 available)
662,Lola and the Boy Next Door (Anna and the French Kiss #2),£23.63,In stock (5 available)
663,Tell the Wind and Fire,£45.51,In stock (5 available)
664,Tell Me Three Things,£41.81,In stock (5 available)
665,Last One Home (New Beginnings #1),£59.98,In stock (5 available)
666,Peak: Secrets from the New Science of Expertise,£16.28,In stock (5 available)
667,Logan Kade (Fallen Crest High #5.5),£13.12,In stock (5 available)
668,Talking to Girls About Duran Duran: One Young Man's Quest for True Love and a Cooler Haircut,£25.15,In stock (5 available)
669,Mexican Today: New and Rediscovered Recipes for Contemporary Kitchens,£24.91,In stock (5 available)
670,Shiver (The Wolves of Mercy Falls #1),£16.23,In stock (5 available)
671,The Dream Thieves (The Raven Cycle #2),£34.50,In stock (5 available)
672,Remember Me?,£11.48,In stock (5 available)
673,The Darkest Corners,£11.33,In stock (5 available)
674,The Crossover,£38.77,In stock (5 available)
675,Maybe Something Beautiful: How Art Transformed a Neighborhood,£22.54,In stock (5 available)
676,Red Dragon (Hannibal Lecter #1),£23.37,In stock (5 available)
677,Kill the Boy Band,£15.52,In stock (5 available)
678,The 5th Wave (The 5th Wave #1),£11.83,In stock (5 available)
679,All products,£48.13,In stock (5 available)
680,My Mother Was Nuts,£31.63,In stock (5 available)
681,All products,£32.97,In stock (5 available)
682,Fool Me Once,£16.96,In stock (5 available)
683,Isla and the Happily Ever After (Anna and the French Kiss #3),£48.13,In stock (5 available)
684,An Abundance of Katherines,£10.00,In stock (5 available)
685,"Fruits Basket, Vol. 5 (Fruits Basket #5)",£16.33,In stock (5 available)
686,Evicted: Poverty and Profit in the American City,£42.27,In stock (5 available)
687,Approval Junkie: Adventures in Caring Too Much,£58.81,In stock (5 available)
688,All products,£34.50,In stock (5 available)
689,I Know Why the Caged Bird Sings (Maya Angelou's Autobiography #1),£36.55,In stock (5 available)
690,Digital Fortress,£58.00,In stock (5 available)
691,Find Her (Detective D.D. Warren #8),£22.37,In stock (5 available)
692,Foundation (Foundation (Publication Order) #1),£32.42,In stock (5 available)
693,Booked,£17.49,In stock (5 available)
694,"Death Note, Vol. 5: Whiteout (Death Note #5)",£52.41,In stock (5 available)
695,Critique of Pure Reason,£20.75,In stock (5 available)
696,Dracula the Un-Dead,£35.63,In stock (5 available)
697,All products,£58.59,In stock (5 available)
698,"Blue Lily, Lily Blue (The Raven Cycle #3)",£34.13,In stock (5 available)
699,Harry Potter and the Deathly Hallows (Harry Potter #7),£23.32,In stock (5 available)
700,"Data, A Love Story: How I Gamed Online Dating to Meet My Match",£32.35,In stock (5 available)
701,America's War for the Greater Middle East: A Military History,£51.22,In stock (5 available)
702,If I Stay (If I Stay #1),£38.13,In stock (5 available)
703,Drama,£38.70,In stock (5 available)
704,The Jazz of Physics: The Secret Link Between Music and the Structure of the Universe,£38.71,In stock (4 available)
705,A Girl's Guide to Moving On (New Beginnings #2),£31.30,In stock (5 available)
706,The Bone Hunters (Lexy Vaughan & Steven Macaulay #2),£59.71,In stock (4 available)
707,The Perfect Play (Play by Play #1),£59.99,In stock (4 available)
708,All products,£48.39,In stock (4 available)
709,A Clash of Kings (A Song of Ice and Fire #2),£10.79,In stock (5 available)
710,The Beast (Black Dagger Brotherhood #14),£46.08,In stock (4 available)
711,Some Women,£13.73,In stock (4 available)
712,The Demonists (Demonist #1),£52.11,In stock (4 available)
713,The Geography of Bliss: One Grump's Search for the Happiest Places in the World,£28.23,In stock (4 available)
714,A Game of Thrones (A Song of Ice and Fire #1),£46.42,In stock (5 available)
715,The Hunger Games (The Hunger Games #1),£29.85,In stock (4 available)
716,The Pilgrim's Progress,£50.26,In stock (4 available)
717,The Hound of the Baskervilles (Sherlock Holmes #5),£14.82,In stock (4 available)
718,"The Demon Prince of Momochi House, Vol. 4 (The Demon Prince of Momochi House #4)",£27.88,In stock (4 available)
719,A Feast for Crows (A Song of Ice and Fire #4),£17.21,In stock (5 available)
720,Alight (The Generations Trilogy #2),£58.59,In stock (5 available)
721,The Gunning of America: Business and the Making of American Gun Culture,£16.81,In stock (4 available)
722,All products,£48.13,In stock (4 available)
723,The Shining (The Shining #1),£27.88,In stock (4 available)
724,The Passion of Dolssa,£28.32,In stock (4 available)
725,Vogue Colors A to Z: A Fashion Coloring Book,£52.35,In stock (4 available)
726,Outlander (Outlander #1),£19.67,In stock (4 available)
727,Harry Potter and the Chamber of Secrets (Harry Potter #2),£14.74,In stock (4 available)
728,All products,£34.93,In stock (4 available)
729,Gone with the Wind,£32.49,In stock (4 available)
730,It,£25.01,In stock (4 available)
731,Harry Potter and the Half-Blood Prince (Harry Potter #6),£48.75,In stock (4 available)
732,Shopaholic Ties the Knot (Shopaholic #3),£48.39,In stock (4 available)
733,Harry Potter and the Prisoner of Azkaban (Harry Potter #3),£24.17,In stock (4 available)
734,No One Here Gets Out Alive,£20.02,In stock (4 available)
735,Misery,£34.79,In stock (4 available)
736,Night Shift (Night Shift #1-20),£12.75,In stock (4 available)
737,Little Women (Little Women #1),£28.07,In stock (4 available)
738,"Orchestra of Exiles: The Story of Bronislaw Huberman, the Israel Philharmonic, and the One Thousand Jews He Saved from Nazi Horrors",£12.36,In stock (4 available)
739,Harry Potter and the Order of the Phoenix (Harry Potter #5),£31.63,In stock (4 available)
740,Mockingjay (The Hunger Games #3),£20.44,In stock (4 available)
741,All products,£58.59,In stock (4 available)
742,Paper and Fire (The Great Library #2),£49.45,In stock (4 available)
743,Harry Potter and the Sorcerer's Stone (Harry Potter #1),£13.90,In stock (4 available)
744,Girl With a Pearl Earring,£26.77,In stock (4 available)
745,God Is Not Great: How Religion Poisons Everything,£27.80,In stock (4 available)
746,"Fruits Basket, Vol. 4 (Fruits Basket #4)",£50.44,In stock (4 available)
747,Needful Things,£47.51,In stock (4 available)
748,A Walk to Remember,£56.43,In stock (4 available)
749,All products,£48.39,In stock (4 available)
750,Dark Lover (Black Dagger Brotherhood #1),£12.87,In stock (4 available)
751,Wuthering Heights,£17.73,In stock (3 available)
752,Atlas Shrugged,£26.58,In stock (4 available)
753,We the People: The Modern-Day Figures Who Have Reshaped and Affirmed the Founding Fathers' Vision of America,£31.95,In stock (3 available)
754,Animal Farm,£57.22,In stock (4 available)
755,Zero History (Blue Ant #3),£34.77,In stock (3 available)
756,"A History of God: The 4,000-Year Quest of Judaism, Christianity, and Islam",£27.62,In stock (4 available)
757,Candide,£58.63,In stock (4 available)
758,Changing the Game (Play by Play #2),£13.38,In stock (4 available)
759,Wild: From Lost to Found on the Pacific Crest Trail,£46.02,In stock (3 available)
760,"Where'd You Go, Bernadette",£18.13,In stock (3 available)
761,All products,£32.36,In stock (3 available)
762,Confessions of a Shopaholic (Shopaholic #1),£48.94,In stock (4 available)
763,Far From True (Promise Falls Trilogy #2),£34.93,In stock (4 available)
764,A New Earth: Awakening to Your Life's Purpose,£55.65,In stock (4 available)
765,We Are All Completely Beside Ourselves,£24.04,In stock (3 available)
766,'Salem's Lot,£49.56,In stock (4 available)
767,Can You Keep a Secret?,£21.94,In stock (4 available)
768,World War Z: An Oral History of the Zombie War,£21.80,In stock (3 available)
769,When You Are Engulfed in Flames,£30.89,In stock (3 available)
770,All products,£34.93,In stock (3 available)
771,The Travelers,£15.77,In stock (3 available)
772,Under the Banner of Heaven: A Story of Violent Faith,£30.00,In stock (3 available)
773,The Tipping Point: How Little Things Can Make a Big Difference,£10.02,In stock (3 available)
774,The Wild Robot,£56.07,In stock (3 available)
775,Three-Martini Lunch,£23.21,In stock (3 available)
776,Twenties Girl,£42.80,In stock (3 available)
777,Voyager (Outlander #3),£21.07,In stock (3 available)
778,"The Wicked + The Divine, Vol. 3: Commercial Suicide (The Wicked + The Divine)",£14.41,In stock (3 available)
779,Twilight (Twilight #1),£41.93,In stock (3 available)
780,The Undomestic Goddess,£45.75,In stock (3 available)
781,All products,£23.05,In stock (3 available)
782,The Thing About Jellyfish,£48.77,In stock (3 available)
783,Very Good Lives: The Fringe Benefits of Failure and the Importance of Imagination,£50.66,In stock (3 available)
784,"Unstuffed: Decluttering Your Home, Mind, and Soul",£58.09,In stock (3 available)
785,The Stand,£57.86,In stock (3 available)
786,Two Boys Kissing,£32.74,In stock (3 available)
787,"Trespassing Across America: One Man's Epic, Never-Done-Before (and Sort of Illegal) Hike Across the Heartland",£53.51,In stock (3 available)
788,"Thinking, Fast and Slow",£21.14,In stock (3 available)
789,The Smitten Kitchen Cookbook,£23.59,In stock (3 available)
790,Vegan Vegetarian Omnivore: Dinner for Everyone at the Table,£13.66,In stock (3 available)
791,Walk the Edge (Thunder Road #2),£32.36,In stock (3 available)
792,The Paris Wife,£36.80,In stock (3 available)
793,The Purest Hook (Second Circle Tattoos #3),£12.25,In stock (3 available)
794,The Restaurant at the End of the Universe (Hitchhiker's Guide to the Galaxy #2),£10.92,In stock (3 available)
795,The Nightingale,£26.26,In stock (3 available)
796,The Rose & the Dagger (The Wrath and the Dawn #2),£58.64,In stock (3 available)
797,The Name of God is Mercy,£37.25,In stock (3 available)
798,The Lover's Dictionary,£58.09,In stock (3 available)
799,The Red Tent,£35.66,In stock (3 available)
800,The New Guy (and Other Senior Year Distractions),£44.92,In stock (3 available)
801,The Purpose Driven Life: What on Earth Am I Here for?,£37.19,In stock (3 available)
802,The Lonely Ones,£43.59,In stock (3 available)
803,"The Sandman, Vol. 3: Dream Country (The Sandman (volumes) #3)",£55.55,In stock (3 available)
804,The Silkworm (Cormoran Strike #2),£23.05,In stock (3 available)
805,All products,£33.92,In stock (3 available)
806,All products,£32.36,In stock (3 available)
807,The Nanny Diaries (Nanny #1),£52.53,In stock (3 available)
808,The Maze Runner (The Maze Runner #1),£20.93,In stock (3 available)
809,The Road to Little Dribbling: Adventures of an American in Britain (Notes From a Small Island #2),£23.21,In stock (3 available)
810,The Rise of Theodore Roosevelt (Theodore Roosevelt #1),£42.57,In stock (3 available)
811,The Picture of Dorian Gray,£29.70,In stock (3 available)
812,The Obsession,£45.43,In stock (3 available)
813,The Rest Is Noise: Listening to the Twentieth Century,£34.77,In stock (3 available)
814,The Guernsey Literary and Potato Peel Pie Society,£49.53,In stock (3 available)
815,The Guns of August,£14.54,In stock (3 available)
816,"The Elegant Universe: Superstrings, Hidden Dimensions, and the Quest for the Ultimate Theory",£13.03,In stock (3 available)
817,The Goldfinch,£43.58,In stock (3 available)
818,The Devil Wears Prada (The Devil Wears Prada #1),£44.29,In stock (3 available)
819,The Hitchhiker's Guide to the Galaxy (Hitchhiker's Guide to the Galaxy #1),£47.80,In stock (3 available)
820,The Giver (The Giver Quartet #1),£12.30,In stock (3 available)
821,The Husband's Secret,£52.51,In stock (3 available)
822,"The End of Faith: Religion, Terror, and the Future of Reason",£22.13,In stock (3 available)
823,All products,£23.05,In stock (3 available)
824,The Girl Who Kicked the Hornet's Nest (Millennium Trilogy #3),£57.48,In stock (3 available)
825,All products,£22.96,In stock (3 available)
826,The Girl Who Played with Fire (Millennium Trilogy #2),£22.14,In stock (3 available)
827,"The Land of 10,000 Madonnas",£29.64,In stock (3 available)
828,The Girl with All the Gifts,£49.47,In stock (3 available)
829,The Demon-Haunted World: Science as a Candle in the Dark,£52.25,In stock (3 available)
830,"The Disappearing Spoon: And Other True Tales of Madness, Love, and the History of the World from the Periodic Table of the Elements",£57.35,In stock (3 available)
831,The Lean Startup: How Today's Entrepreneurs Use Continuous Innovation to Create Radically Successful Businesses,£33.92,In stock (3 available)
832,The Exiled,£43.45,In stock (3 available)
833,The Last Painting of Sara de Vos,£55.55,In stock (3 available)
834,The Day the Crayons Came Home (Crayons),£26.33,In stock (3 available)
835,The Infinities,£27.41,In stock (3 available)
836,The Catcher in the Rye,£24.55,In stock (3 available)
837,All products,£52.33,In stock (3 available)
838,Something Blue (Darcy & Rachel #2),£54.62,In stock (3 available)
839,The Book of Basketball: The NBA According to The Sports Guy,£44.84,In stock (3 available)
840,The Autobiography of Malcolm X,£23.43,In stock (3 available)
841,Something Borrowed (Darcy & Rachel #1),£48.96,In stock (3 available)
842,"The Art of Simple Food: Notes, Lessons, and Recipes from a Delicious Revolution",£34.32,In stock (3 available)
843,The Da Vinci Code (Robert Langdon #2),£22.96,In stock (3 available)
844,The Book Thief,£53.49,In stock (3 available)
845,The Complete Stories and Poems (The Works of Edgar Allan Poe [Cameo Edition]),£26.78,In stock (3 available)
846,Stiff: The Curious Lives of Human Cadavers,£36.74,In stock (3 available)
847,Spilled Milk: Based on a True Story,£49.51,In stock (3 available)
848,All products,£33.92,In stock (3 available)
849,The Art of Fielding,£22.10,In stock (3 available)
850,The Case for Christ (Cases for Christianity),£47.84,In stock (3 available)
851,The Cuckoo's Calling (Cormoran Strike #1),£19.21,In stock (3 available)
852,Shopaholic & Baby (Shopaholic #5),£46.45,In stock (3 available)
853,The Blind Side: Evolution of a Game,£53.71,In stock (3 available)
854,Soldier (Talon #3),£24.72,In stock (3 available)
855,"Surely You're Joking, Mr. Feynman!: Adventures of a Curious Character",£25.83,In stock (3 available)
856,The Complete Poems,£41.32,In stock (3 available)
857,The Cat in the Hat (Beginner Books B-1),£16.26,In stock (3 available)
858,Original Fake,£31.45,In stock (3 available)
859,Packing for Mars: The Curious Science of Life in the Void,£56.68,In stock (3 available)
860,Outliers: The Story of Success,£14.16,In stock (3 available)
861,Red: The True Story of Red Riding Hood,£28.54,In stock (3 available)
862,Reservations for Two,£11.10,In stock (3 available)
863,"Rise of the Rocket Girls: The Women Who Propelled Us, from Missiles to the Moon to Mars",£41.67,In stock (3 available)
864,Quiet: The Power of Introverts in a World That Can't Stop Talking,£43.55,In stock (3 available)
865,Seven Days in the Art World,£52.33,In stock (3 available)
866,"Saga, Volume 3 (Saga (Collected Editions) #3)",£21.57,In stock (3 available)
867,Sarah's Key,£46.29,In stock (3 available)
868,All products,£22.96,In stock (3 available)
869,Rogue Lawyer (Rogue Lawyer #1),£50.11,In stock (3 available)
870,One for the Money (Stephanie Plum #1),£32.87,In stock (3 available)
871,Orange Is the New Black,£24.61,In stock (3 available)
872,Rework,£44.88,In stock (3 available)
873,Prodigy: The Graphic Novel (Legend: The Graphic Novel #2),£43.63,In stock (3 available)
874,All products,£40.17,In stock (3 available)
875,Ready Player One,£19.07,In stock (3 available)
876,Persepolis: The Story of a Childhood (Persepolis #1-2),£39.13,In stock (3 available)
877,Running with Scissors,£12.91,In stock (3 available)
878,Seven Brief Lessons on Physics,£30.60,In stock (3 available)
879,Scarlet (The Lunar Chronicles #2),£14.57,In stock (3 available)
880,"Life, the Universe and Everything (Hitchhiker's Guide to the Galaxy #3)",£33.26,In stock (3 available)
881,All products,£52.33,In stock (3 available)
882,Lila (Gilead #3),£12.47,In stock (3 available)
883,Letter to a Christian Nation,£22.20,In stock (3 available)
884,Let's Pretend This Never Happened: A Mostly True Memoir,£45.11,In stock (3 available)
885,Lust & Wonder,£11.87,In stock (3 available)
886,Manuscript Found in Accra,£34.98,In stock (3 available)
887,Morning Star (Red Rising #3),£29.40,In stock (3 available)
888,Notes from a Small Island (Notes From a Small Island #1),£40.17,In stock (3 available)
889,"Lamb: The Gospel According to Biff, Christ's Childhood Pal",£55.50,In stock (3 available)
890,Naked,£31.69,In stock (3 available)
891,Lady Renegades (Rebel Belle #3),£53.04,In stock (3 available)
892,Legend (Legend #1),£43.69,In stock (3 available)
893,Life Without a Recipe,£59.04,In stock (3 available)
894,Night (The Night Trilogy #1),£13.51,In stock (3 available)
895,Neither Here nor There: Travels in Europe,£38.95,In stock (3 available)
896,Life After Life,£26.13,In stock (3 available)
897,"Miracles from Heaven: A Little Girl, Her Journey to Heaven, and Her Amazing Story of Healing",£57.83,In stock (3 available)
898,"Lean In: Women, Work, and the Will to Lead",£25.02,In stock (3 available)
899,Me Talk Pretty One Day,£57.60,In stock (3 available)
900,All products,£44.97,In stock (3 available)
901,Midnight Riot (Peter Grant/ Rivers of London - books #1),£55.46,In stock (3 available)
902,Holidays on Ice,£51.07,In stock (3 available)
903,It's Never Too Late to Begin Again: Discovering Creativity and Meaning at Midlife and Beyond,£42.38,In stock (3 available)
904,Horrible Bear!,£37.52,In stock (3 available)
905,Inferno (Robert Langdon #4),£41.00,In stock (3 available)
906,"Grayson, Vol 3: Nemesis (Grayson #3)",£42.72,In stock (3 available)
907,Golden (Heart of Dread #3),£42.21,In stock (3 available)
908,"In the Garden of Beasts: Love, Terror, and an American Family in Hitler's Berlin",£28.85,In stock (3 available)
909,Hungry Girl Clean & Hungry: Easy All-Natural Recipes for Healthy Eating in the Real World,£33.14,In stock (3 available)
910,Is Everyone Hanging Out Without Me? (And Other Concerns),£20.11,In stock (3 available)
911,I've Got Your Number,£19.69,In stock (3 available)
912,"House of Lost Worlds: Dinosaurs, Dynasties, and the Story of Life on Earth",£43.70,In stock (3 available)
913,All products,£46.83,In stock (3 available)
914,Gone Girl,£37.60,In stock (3 available)
915,Jurassic Park (Jurassic Park #1),£44.97,In stock (3 available)
916,If I Run (If I Run #1),£49.97,In stock (3 available)
917,Heir to the Sky,£44.07,In stock (3 available)
918,Gratitude,£26.66,In stock (3 available)
919,Green Eggs and Ham (Beginner Books B-16),£10.79,In stock (3 available)
920,Into the Wild,£56.70,In stock (3 available)
921,House of Leaves,£54.89,In stock (3 available)
922,All products,£40.17,In stock (3 available)
923,I Am Malala: The Girl Who Stood Up for Education and Was Shot by the Taliban,£28.88,In stock (3 available)
924,Dune (Dune #1),£54.86,In stock (3 available)
925,Eragon (The Inheritance Cycle #1),£43.87,In stock (3 available)
926,"Friday Night Lights: A Town, a Team, and a Dream",£51.22,In stock (3 available)
927,Girl in the Blue Coat,£46.83,In stock (3 available)
928,Crazy Rich Asians (Crazy Rich Asians #1),£49.13,In stock (3 available)
929,Darkfever (Fever #1),£56.02,In stock (3 available)
930,Dead Wake: The Last Crossing of the Lusitania,£39.24,In stock (3 available)
931,Do Androids Dream of Electric Sheep? (Blade Runner #1),£51.48,In stock (3 available)
932,"Fruits Basket, Vol. 3 (Fruits Basket #3)",£45.17,In stock (3 available)
933,Dracula,£52.62,In stock (3 available)
934,Fifty Shades Freed (Fifty Shades #3),£15.36,In stock (3 available)
935,Cosmos,£36.17,In stock (3 available)
936,Fellside,£38.62,In stock (3 available)
937,Eclipse (Twilight #3),£18.74,In stock (3 available)
938,Dark Places,£23.90,In stock (3 available)
939,Fire Bound (Sea Haven/Sisters of the Heart #5),£21.28,In stock (3 available)
940,"David and Goliath: Underdogs, Misfits, and the Art of Battling Giants",£17.81,In stock (3 available)
941,Disrupted: My Misadventure in the Start-Up Bubble,£15.28,In stock (3 available)
942,Counting Thyme,£10.62,In stock (3 available)
943,All products,£59.95,In stock (3 available)
944,Extreme Prey (Lucas Davenport #26),£25.40,In stock (3 available)
945,All products,£44.97,In stock (3 available)
946,Ash,£22.06,In stock (3 available)
947,Beowulf,£38.35,In stock (3 available)
948,Are We Smart Enough to Know How Smart Animals Are?,£56.58,In stock (3 available)
949,Awkward,£38.02,In stock (3 available)
950,Cinder (The Lunar Chronicles #1),£26.09,In stock (3 available)
951,All products,£36.83,In stock (3 available)
952,Brave Enough,£51.32,In stock (3 available)
953,Are We There Yet?,£10.66,In stock (3 available)
954,Between Shades of Gray,£20.79,In stock (3 available)
955,Black Flags: The Rise of ISIS,£40.87,In stock (3 available)
956,Catastrophic Happiness: Finding Joy in Childhood's Messy Years,£37.35,In stock (3 available)
957,Civilization and Its Discontents,£59.95,In stock (3 available)
958,Beautiful Creatures (Caster Chronicles #1),£21.55,In stock (3 available)
959,All products,£46.83,In stock (3 available)
960,Big Little Lies,£22.11,In stock (3 available)
961,Best of My Love (Fool's Gold #20),£27.41,In stock (3 available)
962,Blink: The Power of Thinking Without Thinking,£21.74,In stock (3 available)
963,"Born to Run: A Hidden Tribe, Superathletes, and the Greatest Race the World Has Never Seen",£27.35,In stock (3 available)
964,"Black Butler, Vol. 1 (Black Butler #1)",£49.31,In stock (3 available)
965,Boy Meets Boy,£21.12,In stock (3 available)
966,Breaking Dawn (Twilight #4),£35.28,In stock (3 available)
967,Career of Evil (Cormoran Strike #3),£24.72,In stock (3 available)
968,#GIRLBOSS,£50.96,In stock (3 available)
969,"Run, Spot, Run: The Ethics of Keeping Pets",£20.02,In stock (2 available)
970,"Saga, Volume 2 (Saga (Collected Editions) #2)",£11.75,In stock (2 available)
971,A Visit from the Goon Squad,£14.08,In stock (3 available)
972,Annie on My Mind,£36.83,In stock (3 available)
973,Sugar Rush (Offensive Line #2),£24.42,In stock (2 available)
974,A Walk in the Woods: Rediscovering America on the Appalachian Trail,£30.48,In stock (3 available)
975,The Sense of an Ending,£31.38,In stock (2 available)
976,"The Suffragettes (Little Black Classics, #96)",£11.89,In stock (2 available)
977,Girl Online On Tour (Girl Online #2),£53.47,In stock (2 available)
978,All products,£11.64,In stock (2 available)
979,New Moon (Twilight #2),£12.86,In stock (2 available)
980,"The Sandman, Vol. 2: The Doll's House (The Sandman (volumes) #2)",£54.81,In stock (2 available)
981,Life,£31.58,In stock (2 available)
982,All products,£59.95,In stock (2 available)
983,H is for Hawk,£57.42,In stock (2 available)
984,8 Keys to Mental Health Through Exercise,£31.04,In stock (3 available)
985,Kindle Paperwhite User's Guide,£34.00,In stock (2 available)
986,A Storm of Swords (A Song of Ice and Fire #3),£31.22,In stock (3 available)
987,The Course of Love,£16.78,In stock (2 available)
988,A Heartbreaking Work of Staggering Genius,£54.29,In stock (3 available)
989,And Then There Were None,£35.01,In stock (3 available)
990,Diary of a Minecraft Zombie Book 1: A Scare of a Dare (An Unofficial Minecraft Book),£52.88,In stock (2 available)
991,All products,£36.83,In stock (2 available)
992,The Silent Twin (Detective Jennifer Knight #3),£36.25,In stock (1 available)
993,All products,£34.56,In stock (1 available)
994,"Fruits Basket, Vol. 2 (Fruits Basket #2)",£11.64,In stock (2 available)
995,Where Lightning Strikes (Bleeding Stars #3),£39.77,In stock (1 available)
996,The Tumor,£41.56,In stock (1 available)
997,Ways of Seeing,£39.51,In stock (1 available)
998,The Selfish Gene,£29.45,In stock (1 available)
999,"Vampire Knight, Vol. 1 (Vampire Knight #1)",£15.40,In stock (1 available)
1000,Travels with Charley: In Search of America,£57.82,In stock (1 available)
1001,While You Were Mine,£41.32,In stock (1 available)
1002,This One Moment (Pushing Limits #1),£48.71,In stock (1 available)
1003,The Silent Wife,£12.34,In stock (1 available)
1004,The Zombie Room,£19.69,In stock (1 available)
1005,Vampire Girl (Vampire Girl #1),£53.82,In stock (1 available)
1006,When I'm Gone,£51.96,In stock (1 available)
1007,"The Wicked + The Divine, Vol. 1: The Faust Act (The Wicked + The Divine)",£36.52,In stock (1 available)
1008,The Story of Hong Gildong,£43.19,In stock (1 available)
1009,Three Wishes (River of Time: California #1),£44.18,In stock (1 available)
1010,Twenty Love Poems and a Song of Despair,£30.95,In stock (1 available)
1011,"Y: The Last Man, Vol. 1: Unmanned (Y: The Last Man #1)",£18.51,In stock (1 available)
1012,The Girl You Lost,£12.29,In stock (1 available)
1013,The Edge of Reason (Bridget Jones #2),£19.18,In stock (1 available)
1014,The Iliad,£16.16,In stock (1 available)
1015,The Secret Healer,£34.56,In stock (1 available)
1016,The Girl In The Ice (DCI Erika Foster #1),£15.85,In stock (1 available)
1017,The Hook Up (Game On #1),£36.29,In stock (1 available)
1018,The Odyssey,£29.64,In stock (1 available)
1019,The Mirror & the Maze (The Wrath and the Dawn #1.5),£29.38,In stock (1 available)
1020,The Last Girl (The Dominion Trilogy #1),£36.26,In stock (1 available)
1021,"The Sandman, Vol. 1: Preludes and Nocturnes (The Sandman (volumes) #1)",£54.12,In stock (1 available)
1022,All products,£11.64,In stock (1 available)
1023,The End of the Jesus Era (An Investigation #1),£14.40,In stock (1 available)
1024,The Light of the Fireflies,£54.43,In stock (1 available)
1025,The Name of the Wind (The Kingkiller Chronicle #1),£50.59,In stock (1 available)
1026,All products,£57.49,In stock (1 available)
1027,The Nicomachean Ethics,£36.34,In stock (1 available)
1028,The Republic,£33.78,In stock (1 available)
1029,The Communist Manifesto,£14.76,In stock (1 available)
1030,The No. 1 Ladies' Detective Agency (No. 1 Ladies' Detective Agency #1),£57.70,In stock (1 available)
1031,The Haters,£27.89,In stock (1 available)
1032,The Complete Maus (Maus #1-2),£10.64,In stock (1 available)
1033,The Little Prince,£45.42,In stock (1 available)
1034,"Saga, Volume 1 (Saga (Collected Editions) #1)",£28.48,In stock (1 available)
1035,"Ouran High School Host Club, Vol. 1 (Ouran High School Host Club #1)",£29.87,In stock (1 available)
1036,Shatter Me (Shatter Me #1),£42.40,In stock (1 available)
1037,All products,£32.36,In stock (1 available)
1038,"Paper Girls, Vol. 1 (Paper Girls #1-5)",£21.71,In stock (1 available)
1039,"Rat Queens, Vol. 1: Sass & Sorcery (Rat Queens (Collected Editions) #1-5)",£46.96,In stock (1 available)
1040,The Art of Not Breathing,£40.83,In stock (1 available)
1041,Taking Shots (Assassins #1),£18.88,In stock (1 available)
1042,All products,£34.56,In stock (1 available)
1043,The Bette Davis Club,£30.66,In stock (1 available)
1044,"Skip Beat!, Vol. 01 (Skip Beat! #1)",£42.12,In stock (1 available)
1045,Origins (Alphas 0.5),£28.99,In stock (1 available)
1046,Settling the Score (The Summer Games #1),£44.91,In stock (1 available)
1047,Shameless,£58.35,In stock (1 available)
1048,One Second (Seven #7),£52.94,In stock (1 available)
1049,"Rhythm, Chord & Malykhin",£28.34,In stock (1 available)
1050,Sister Sable (The Mad Queen #1),£13.33,In stock (1 available)
1051,Starlark,£25.83,In stock (1 available)
1052,Sense and Sensibility,£37.46,In stock (1 available)
1053,Shadow Rites (Jane Yellowrock #10),£21.72,In stock (1 available)
1054,The Bhagavad Gita,£57.49,In stock (1 available)
1055,Paradise Lost (Paradise #1),£24.96,In stock (1 available)
1056,Off Sides (Off #1),£39.45,In stock (1 available)
1057,Icing (Aces Hockey #2),£40.44,In stock (1 available)
1058,All products,£38.00,In stock (1 available)
1059,Jane Eyre,£38.43,In stock (1 available)
1060,"Hawkeye, Vol. 1: My Life as a Weapon (Hawkeye #1)",£45.24,In stock (1 available)
1061,Meditations,£25.89,In stock (1 available)
1062,Myriad (Prentor #1),£58.75,In stock (1 available)
1063,"Fruits Basket, Vol. 1 (Fruits Basket #1)",£40.28,In stock (1 available)
1064,"Giant Days, Vol. 1 (Giant Days #1-4)",£56.76,In stock (1 available)
1065,Having the Barbarian's Baby (Ice Planet Barbarians #7.5),£34.96,In stock (1 available)
1066,"Ms. Marvel, Vol. 1: No Normal (Ms. Marvel (2014-2015) #1)",£39.39,In stock (1 available)
1067,On the Road (Duluoz Legend),£32.36,In stock (1 available)
1068,Of Mice and Men,£47.11,In stock (1 available)
1069,Imperfect Harmony,£34.74,In stock (1 available)
1070,Lost Among the Living,£27.70,In stock (1 available)
1071,All products,£57.49,In stock (1 available)
1072,Matilda,£28.34,In stock (1 available)
1073,My Perfect Mistake (Over the Top #1),£38.92,In stock (1 available)
1074,Lord of the Flies,£24.89,In stock (1 available)
1075,Listen to Me (Fusion #1),£58.99,In stock (1 available)
1076,Kitchens of the Great Midwest,£57.20,In stock (1 available)
1077,Old Records Never Die: One Man's Quest for His Vinyl and His Past,£55.66,In stock (1 available)
